institución,sigla,coach,nombre,correo,whatsapp,grado,robot,categorías
Colegio Biffi La Salle,BIFFI,Patricia Cabarcas,Andrés Barrios Buelvas,andres.barrios@correo.test,555-0158,8°,Rayo Getsemaní,sumo
Colegio Biffi La Salle,BIFFI,Patricia Cabarcas,Andrés Barrios Buelvas,andres.barrios@correo.test,555-0158,8°,Halcón Getsemaní,sumo
Colegio Biffi La Salle,BIFFI,Patricia Cabarcas,Andrés Marrugo Castro,andres.marrugo@correo.test,555-0153,10°,Tornado X,minisumo
Colegio Biffi La Salle,BIFFI,Patricia Cabarcas,Isabella Barrios Pérez,isabella.barrios@correo.test,555-0156,10°,Escorpión Bot,sumo-rc
Colegio Biffi La Salle,BIFFI,Patricia Cabarcas,Jhon Zúñiga Díaz,jhon.zuniga@correo.test,555-0157,8°,Escorpión Manga,sumo-rc
Colegio Biffi La Salle,BIFFI,Patricia Cabarcas,Laura Castro Padilla,laura.castro@correo.test,555-0160,7°,Centella 2.0,seguidor-de-linea
Colegio Biffi La Salle,BIFFI,Patricia Cabarcas,Laura Castro Padilla,laura.castro@correo.test,555-0160,7°,Titán Azul,minisumo
Colegio Biffi La Salle,BIFFI,Patricia Cabarcas,Mateo Morales Guerrero,mateo.morales@correo.test,555-0151,9°,Dron Cóndor Bot,circuito-dron
Colegio Biffi La Salle,BIFFI,Patricia Cabarcas,Natalia Ortega Padilla,natalia.ortega@correo.test,555-0152,11°,Centella Pro,explotaglobos
Colegio Biffi La Salle,BIFFI,Patricia Cabarcas,Nicolás Mendoza Padilla,nicolas.mendoza@correo.test,555-0154,9°,Orca Negro,sumo
Colegio Biffi La Salle,BIFFI,Patricia Cabarcas,Samuel Guerrero Salgado,samuel.guerrero@correo.test,555-0159,7°,Tritón Prime,explotaglobos
Colegio Biffi La Salle,BIFFI,Patricia Cabarcas,Tomás Zúñiga Jiménez,tomas.zuniga@correo.test,555-0155,7°,Cometa Bot,carrera-rc
Colegio Salesiano San Pedro Claver,CSPC,Hernando Padilla,Alejandro Díaz Villalba,alejandro.diaz@correo.test,555-0125,9°,Pulsar Zeta,seguidor-de-linea
Colegio Salesiano San Pedro Claver,CSPC,Hernando Padilla,Jesús Mendoza Pájaro,jesus.mendoza@correo.test,555-0129,10°,Escorpión Caribe,minisumo
Colegio Salesiano San Pedro Claver,CSPC,Hernando Padilla,Jesús Mendoza Pájaro,jesus.mendoza@correo.test,555-0129,10°,Vórtice Bocagrande,minisumo
Colegio Salesiano San Pedro Claver,CSPC,Hernando Padilla,Jesús Mendoza Pájaro,jesus.mendoza@correo.test,555-0129,10°,Coral Azul,seguidor-de-linea
Colegio Salesiano San Pedro Claver,CSPC,Hernando Padilla,Laura Blanco Pérez,laura.blanco@correo.test,555-0128,9°,Relámpago Walled,futbolito
Colegio Salesiano San Pedro Claver,CSPC,Hernando Padilla,Luis Carlos Julio Caraballo,luis.julio@correo.test,555-0131,6°,Coral Walled,carrera-rc|sumo-rc
Colegio Salesiano San Pedro Claver,CSPC,Hernando Padilla,Luis Carlos Julio Caraballo,luis.julio@correo.test,555-0131,6°,Cóndor Zeta,seguidor-de-linea
Colegio Salesiano San Pedro Claver,CSPC,Hernando Padilla,Luis Carlos Julio Caraballo,luis.julio@correo.test,555-0131,6°,Halcón Zeta,sumo-rc
Colegio Salesiano San Pedro Claver,CSPC,Hernando Padilla,Salomé Barrios Torres,salome.barrios@correo.test,555-0127,8°,Dron Coral Azul,circuito-dron
Colegio Salesiano San Pedro Claver,CSPC,Hernando Padilla,Salomé Barrios Torres,salome.barrios@correo.test,555-0127,8°,Coral Max,
Colegio Salesiano San Pedro Claver,CSPC,Hernando Padilla,Salomé Guerrero Morales,salome.guerrero@correo.test,555-0126,9°,Coral Manga,sumo-rc|futbolito
Colegio Salesiano San Pedro Claver,CSPC,Hernando Padilla,Valeria Mendoza Orozco,valeria.mendoza@correo.test,555-0124,10°,Kraken Bocagrande,sumo
Colegio Salesiano San Pedro Claver,CSPC,Hernando Padilla,Yuliana Marrugo Guerrero,yuliana.marrugo@correo.test,555-0130,8°,Tritón Pro,minisumo
Institución Educativa Antonia Santos,IEAS,Claudia Orozco,Alejandro Jiménez Barrios,alejandro.jimenez@correo.test,555-0139,7°,Titán Pro,minisumo
Institución Educativa Antonia Santos,IEAS,Claudia Orozco,Andrés Salgado Marrugo,andres.salgado@correo.test,555-0138,11°,Dron Cóndor Rojo,circuito-dron
Institución Educativa Antonia Santos,IEAS,Claudia Orozco,Andrés Salgado Marrugo,andres.salgado@correo.test,555-0138,11°,Titán Manga,explotaglobos
Institución Educativa Antonia Santos,IEAS,Claudia Orozco,Jesús Orozco Jiménez,jesus.orozco@correo.test,555-0141,10°,Escorpión Walled,seguidor-de-linea
Institución Educativa Antonia Santos,IEAS,Claudia Orozco,Jesús Orozco Jiménez,jesus.orozco@correo.test,555-0141,10°,Cometa Prime,seguidor-de-linea
Institución Educativa Antonia Santos,IEAS,Claudia Orozco,Jesús Salgado Arrieta,jesus.salgado@correo.test,555-0133,7°,Rayo Mini,minisumo
Institución Educativa Antonia Santos,IEAS,Claudia Orozco,Jesús Zúñiga Blanco,jesus.zuniga@correo.test,555-0134,9°,Pulsar Azul,futbolito
Institución Educativa Antonia Santos,IEAS,Claudia Orozco,Luciana Ortega Cassiani,luciana.ortega@correo.test,555-0140,7°,Boa Azul,seguidor-de-linea
Institución Educativa Antonia Santos,IEAS,Claudia Orozco,Natalia Cabarcas Morales,natalia.cabarcas@correo.test,555-0136,11°,Kraken Caribe,carrera-rc
Institución Educativa Antonia Santos,IEAS,Claudia Orozco,Natalia Jiménez Pérez,natalia.jimenez@correo.test,555-0137,11°,Fénix Max,sumo-rc
Institución Educativa Antonia Santos,IEAS,Claudia Orozco,Paula Orozco Martínez,paula.orozco@correo.test,555-0135,10°,Dron Escorpión Caribe,circuito-dron
Institución Educativa Antonia Santos,IEAS,Claudia Orozco,Paula Orozco Martínez,paula.orozco@correo.test,555-0135,10°,Relámpago Prime,sumo
Institución Educativa Antonia Santos,IEAS,Claudia Orozco,Paula Orozco Martínez,paula.orozco@correo.test,555-0135,10°,Vórtice Walled,seguidor-de-linea
Institución Educativa Antonia Santos,IEAS,Claudia Orozco,Sara Torres Cabarcas,sara.torres@correo.test,555-0132,7°,Dron Mantis Walled,circuito-dron
Institución Educativa Olga González Arraut,IEOGA,Jorge Villalba,Alejandro Morales Rodríguez,alejandro.morales@correo.test,555-0143,7°,Atlas Walled,futbolito
Institución Educativa Olga González Arraut,IEOGA,Jorge Villalba,Alejandro Morales Rodríguez,alejandro.morales@correo.test,555-0143,7°,Jaguar Negro,explotaglobos
Institución Educativa Olga González Arraut,IEOGA,Jorge Villalba,Andrés Blanco Villalba,andres.blanco@correo.test,555-0142,8°,Vórtice Pro,futbolito
Institución Educativa Olga González Arraut,IEOGA,Jorge Villalba,Andrés Blanco Villalba,andres.blanco@correo.test,555-0142,8°,Dron Atlas Getsemaní,circuito-dron
Institución Educativa Olga González Arraut,IEOGA,Jorge Villalba,Camila Cassiani Ortega,camila.cassiani@correo.test,555-0148,8°,Cometa Heroico,carrera-rc|futbolito
Institución Educativa Olga González Arraut,IEOGA,Jorge Villalba,Carlos Andrés Villalba Julio,carlos.villalba@correo.test,555-0149,11°,Cóndor Negro,sumo-rc|futbolito|explotaglobos
Institución Educativa Olga González Arraut,IEOGA,Jorge Villalba,Carlos Andrés Villalba Julio,carlos.villalba@correo.test,555-0149,11°,Cometa Pro,minisumo
Institución Educativa Olga González Arraut,IEOGA,Jorge Villalba,Kevin Castro Pérez,kevin.castro2@correo.test,555-0145,9°,Tornado Negro,futbolito
Institución Educativa Olga González Arraut,IEOGA,Jorge Villalba,Kevin Castro Pérez,kevin.castro2@correo.test,555-0145,9°,Halcón Mini,seguidor-de-linea
Institución Educativa Olga González Arraut,IEOGA,Jorge Villalba,Mariana Gómez Cabarcas,mariana.gomez@correo.test,555-0150,8°,Coral Bot,sumo-rc
Institución Educativa Olga González Arraut,IEOGA,Jorge Villalba,Samuel Julio Martínez,samuel.julio@correo.test,555-0144,8°,Relámpago Mini,carrera-rc
Institución Educativa Olga González Arraut,IEOGA,Jorge Villalba,Samuel Julio Martínez,samuel.julio@correo.test,555-0144,8°,Kraken Zeta,futbolito|explotaglobos
Institución Educativa Olga González Arraut,IEOGA,Jorge Villalba,Samuel Julio Martínez,samuel.julio@correo.test,555-0144,8°,Dron Escorpión Turbo,circuito-dron
Institución Educativa Olga González Arraut,IEOGA,Jorge Villalba,Santiago Villalba Pájaro,santiago.villalba@correo.test,555-0147,10°,Titán Getsemaní,minisumo
Institución Educativa Olga González Arraut,IEOGA,Jorge Villalba,Sebastián Buelvas Arrieta,sebastian.buelvas@correo.test,555-0146,7°,Boa Manga,minisumo
Institución Educativa Rural Bayunca,IERB,Yolanda Pérez,Alejandro Díaz Castro,alejandro.diaz2@correo.test,555-0168,7°,Kraken Rojo,minisumo
Institución Educativa Rural Bayunca,IERB,Yolanda Pérez,Alejandro Salgado Buelvas,alejandro.salgado@correo.test,555-0171,6°,Fénix Heroico,minisumo
Institución Educativa Rural Bayunca,IERB,Yolanda Pérez,Camila Ortega Pájaro,camila.ortega@correo.test,555-0169,9°,Jaguar Rojo,laberinto-rc
Institución Educativa Rural Bayunca,IERB,Yolanda Pérez,Valentina Jiménez Barrios,valentina.jimenez@correo.test,555-0170,9°,Relámpago Negro,explotaglobos
Institución Educativa Soledad Román de Núñez,IESRN,Rafael Cassiani,Ana Sofía Arrieta Caraballo,ana.arrieta@correo.test,555-0111,8°,Boa Walled,sumo
Institución Educativa Soledad Román de Núñez,IESRN,Rafael Cassiani,Ana Sofía Arrieta Caraballo,ana.arrieta@correo.test,555-0111,8°,Fénix Manga,carrera-rc|futbolito
Institución Educativa Soledad Román de Núñez,IESRN,Rafael Cassiani,Daniela Rodríguez Cassiani,daniela.rodriguez@correo.test,555-0104,11°,Titán Negro,sumo
Institución Educativa Soledad Román de Núñez,IESRN,Rafael Cassiani,Daniela Villalba Barrios,daniela.villalba@correo.test,555-0103,8°,Coral Turbo,laberinto-rc|sumo-rc
Institución Educativa Soledad Román de Núñez,IESRN,Rafael Cassiani,Jesús Cabarcas Díaz,jesus.cabarcas@correo.test,555-0107,7°,Titán Bocagrande,seguidor-de-linea
Institución Educativa Soledad Román de Núñez,IESRN,Rafael Cassiani,Luis Carlos Villalba Salgado,luis.villalba@correo.test,555-0109,9°,Cometa Mini,minisumo
Institución Educativa Soledad Román de Núñez,IESRN,Rafael Cassiani,Luis Carlos Villalba Salgado,luis.villalba@correo.test,555-0109,9°,Rayo 2.0,seguidor-de-linea
Institución Educativa Soledad Román de Núñez,IESRN,Rafael Cassiani,Mateo Mendoza Pájaro,mateo.mendoza@correo.test,555-0105,8°,Jaguar Mini,seguidor-de-linea
Institución Educativa Soledad Román de Núñez,IESRN,Rafael Cassiani,Mateo Mendoza Pájaro,mateo.mendoza@correo.test,555-0105,8°,Dron Tornado Mini,circuito-dron
Institución Educativa Soledad Román de Núñez,IESRN,Rafael Cassiani,Miguel Ángel Caraballo Villalba,miguel.caraballo@correo.test,555-0102,11°,Cóndor X,laberinto-rc
Institución Educativa Soledad Román de Núñez,IESRN,Rafael Cassiani,Nicolás Arrieta Padilla,nicolas.arrieta@correo.test,555-0108,8°,Rayo Manga,sumo
Institución Educativa Soledad Román de Núñez,IESRN,Rafael Cassiani,Nicolás Arrieta Padilla,nicolas.arrieta@correo.test,555-0108,8°,Kraken Turbo,sumo-rc|futbolito|explotaglobos
Institución Educativa Soledad Román de Núñez,IESRN,Rafael Cassiani,Nicolás Jiménez Caraballo,nicolas.jimenez@correo.test,555-0110,9°,Rayo Prime,carrera-rc
Institución Educativa Soledad Román de Núñez,IESRN,Rafael Cassiani,Samuel Salgado Castro,samuel.salgado@correo.test,555-0101,6°,Cometa Rojo,seguidor-de-linea
Institución Educativa Soledad Román de Núñez,IESRN,Rafael Cassiani,Sara Castro Rodríguez,sara.castro@correo.test,555-0106,11°,Atlas Pro,sumo
Institución Educativa Soledad Román de Núñez,IESRN,Rafael Cassiani,Sara Castro Rodríguez,sara.castro@correo.test,555-0106,11°,Mantis Prime,minisumo
Institución Educativa Técnica de Pasacaballos,IETP,Álvaro Salgado,Andrés Mendoza Castro,andres.mendoza@correo.test,555-0167,7°,Mantis X,futbolito
Institución Educativa Técnica de Pasacaballos,IETP,Álvaro Salgado,Carlos Andrés Herrera Jiménez,carlos.herrera@correo.test,555-0165,9°,Escorpión Pro,minisumo
Institución Educativa Técnica de Pasacaballos,IETP,Álvaro Salgado,Gabriela Barrios Salgado,gabriela.barrios@correo.test,555-0166,9°,Rayo Bot,futbolito
Institución Educativa Técnica de Pasacaballos,IETP,Álvaro Salgado,Gabriela Barrios Salgado,gabriela.barrios@correo.test,555-0166,9°,Cóndor Max,carrera-rc
Institución Educativa Técnica de Pasacaballos,IETP,Álvaro Salgado,Gabriela Caraballo Zúñiga,gabriela.caraballo@correo.test,555-0162,10°,Pulsar Turbo,laberinto-rc
Institución Educativa Técnica de Pasacaballos,IETP,Álvaro Salgado,Juan David Torres Castro,juan.torres@correo.test,555-0163,9°,Cometa Caribe,sumo
Institución Educativa Técnica de Pasacaballos,IETP,Álvaro Salgado,Laura Morales Díaz,laura.morales@correo.test,555-0164,11°,Tritón Zeta,sumo-rc|futbolito|explotaglobos
Institución Educativa Técnica de Pasacaballos,IETP,Álvaro Salgado,Laura Morales Díaz,laura.morales@correo.test,555-0164,11°,Tritón Turbo,minisumo
Institución Educativa Técnica de Pasacaballos,IETP,Álvaro Salgado,Samuel Barrios Torres,samuel.barrios@correo.test,555-0161,10°,Cometa 2.0,explotaglobos
Institución Educativa INEM José Manuel Rodríguez Torices,INEM,Liliana Marrugo,Camila Herrera Julio,camila.herrera@correo.test,555-0119,8°,Dron Vórtice Zeta,circuito-dron
Institución Educativa INEM José Manuel Rodríguez Torices,INEM,Liliana Marrugo,Esteban Pájaro Castro,esteban.pajaro@correo.test,555-0120,10°,Tritón Getsemaní,laberinto-rc
Institución Educativa INEM José Manuel Rodríguez Torices,INEM,Liliana Marrugo,Isabella Padilla Torres,isabella.padilla@correo.test,555-0113,8°,Fénix Walled,laberinto-rc
Institución Educativa INEM José Manuel Rodríguez Torices,INEM,Liliana Marrugo,Juan David Padilla Salgado,juan.padilla@correo.test,555-0122,6°,Jaguar Max,sumo-rc|futbolito
Institución Educativa INEM José Manuel Rodríguez Torices,INEM,Liliana Marrugo,Juan David Pérez Pérez,juan.perez@correo.test,555-0123,11°,Atlas Negro,carrera-rc
Institución Educativa INEM José Manuel Rodríguez Torices,INEM,Liliana Marrugo,Kevin Castro Torres,kevin.castro@correo.test,555-0118,7°,Coral Heroico,sumo-rc
Institución Educativa INEM José Manuel Rodríguez Torices,INEM,Liliana Marrugo,Natalia Julio Rodríguez,natalia.julio@correo.test,555-0114,9°,Tritón Mini,futbolito
Institución Educativa INEM José Manuel Rodríguez Torices,INEM,Liliana Marrugo,Paula Ortega Castro,paula.ortega@correo.test,555-0116,6°,Coral Negro,seguidor-de-linea
Institución Educativa INEM José Manuel Rodríguez Torices,INEM,Liliana Marrugo,Sofía Buelvas Jiménez,sofia.buelvas@correo.test,555-0112,7°,Pulsar 2.0,sumo-rc|futbolito
Institución Educativa INEM José Manuel Rodríguez Torices,INEM,Liliana Marrugo,Tomás Ortega Castro,tomas.ortega@correo.test,555-0115,7°,Jaguar Turbo,sumo
Institución Educativa INEM José Manuel Rodríguez Torices,INEM,Liliana Marrugo,Tomás Ortega Castro,tomas.ortega@correo.test,555-0115,7°,Jaguar Manga,carrera-rc
Institución Educativa INEM José Manuel Rodríguez Torices,INEM,Liliana Marrugo,Valentina Ortega Mendoza,valentina.ortega@correo.test,555-0121,6°,Kraken X,explotaglobos
Institución Educativa INEM José Manuel Rodríguez Torices,INEM,Liliana Marrugo,Valentina Ortega Mendoza,valentina.ortega@correo.test,555-0121,6°,Coral Zeta,
Institución Educativa INEM José Manuel Rodríguez Torices,INEM,Liliana Marrugo,Yuliana Arrieta Buelvas,yuliana.arrieta@correo.test,555-0117,10°,Coral Rojo,laberinto-rc
